[{"id":"user-image-istockphoto-1294477039-612x612.jpg","publicUrl":"np://user.desktop.nicepage.com/Site_35228345/images/istockphoto-1294477039-612x612.jpg","size":106843,"hash":"fqnGYkboA9GDCqeYHyvxGC0NUgw=","fileName":"istockphoto-1294477039-612x612.jpg","name":"istockphoto-1294477039-612x612","width":1500,"height":1223,"thumbnail":{"url":"np://user.desktop.nicepage.com/Site_35228345/images/thumbnails/istockphoto-1294477039-612x612.jpg","width":250,"height":204},"folderId":null,"usages":["product:6","520604163","186792608"]},{"id":"user-image-Insurance-Navigator-Slides-Instagram-Post-1-1024x1024.png","publicUrl":"np://user.desktop.nicepage.com/Site_35228345/images/Insurance-Navigator-Slides-Instagram-Post-1-1024x1024.png","size":804983,"hash":"DP5pTv1Xdc/yzLXCBi+qCqDE/xk=","fileName":"Insurance-Navigator-Slides-Instagram-Post-1-1024x1024.png","name":"Insurance-Navigator-Slides-Instagram-Post-1-1024x1024","width":1024,"height":1024,"thumbnail":{"url":"np://user.desktop.nicepage.com/Site_35228345/images/thumbnails/Insurance-Navigator-Slides-Instagram-Post-1-1024x1024.png","width":250,"height":250},"folderId":null,"usages":["product:5","520604163","186792608"]},{"id":"user-image-shutterstock_2172065821.jpg","publicUrl":"np://user.desktop.nicepage.com/Site_35228345/images/shutterstock_2172065821.jpg","size":143249,"hash":"/tzhLJHxBViWMpJw4mpfktAd6JM=","fileName":"shutterstock_2172065821.jpg","name":"shutterstock_2172065821","width":1275,"height":747,"thumbnail":{"url":"np://user.desktop.nicepage.com/Site_35228345/images/thumbnails/shutterstock_2172065821.jpg","width":250,"height":146},"folderId":null,"usages":["product:4","186792608","520604163"]},{"id":"user-image-images-resize.jpeg","publicUrl":"np://user.desktop.nicepage.com/Site_35228345/images/images-resize.jpeg","size":17890,"hash":"IGmhH3kO/UjEtMRYuDRjtbT9XfY=","fileName":"images-resize.jpeg","name":"images-resize","width":960,"height":960,"thumbnail":{"url":"np://user.desktop.nicepage.com/Site_35228345/images/thumbnails/images-resize.jpeg","width":250,"height":250},"folderId":null,"usages":["product:3","520604163","186792608"]},{"id":"user-image-1000_F_250385294_tdzxdr2Yzm5Z3J41fBYbgz4PaVc2kQmT.jpg","publicUrl":"np://user.desktop.nicepage.com/Site_35228345/images/1000_F_250385294_tdzxdr2Yzm5Z3J41fBYbgz4PaVc2kQmT.jpg","size":104032,"hash":"3EuLgaOjzaQQm6m1kio3EnJRkPw=","fileName":"1000_F_250385294_tdzxdr2Yzm5Z3J41fBYbgz4PaVc2kQmT.jpg","name":"1000_F_250385294_tdzxdr2Yzm5Z3J41fBYbgz4PaVc2kQmT","width":1000,"height":1000,"thumbnail":{"url":"np://user.desktop.nicepage.com/Site_35228345/images/thumbnails/1000_F_250385294_tdzxdr2Yzm5Z3J41fBYbgz4PaVc2kQmT.jpg","width":250,"height":250},"folderId":null,"usages":["product:2","186792608","520604163"]},{"id":"user-image-Logowithoutname.jpeg","publicUrl":"np://user.desktop.nicepage.com/Site_35228345/images/Logowithoutname.jpeg","size":28625,"hash":"enqzrIE1n5m2B9hJeIK+yOz9kMI=","fileName":"Logowithoutname.jpeg","name":"Logowithoutname","width":302,"height":364,"thumbnail":{"url":"np://user.desktop.nicepage.com/Site_35228345/images/thumbnails/Logowithoutname.jpeg","width":207,"height":250},"folderId":null,"usages":["product:1","520604163","186792608"]},{"id":"user-image-Designer1mobile.jpeg","publicUrl":"np://user.desktop.nicepage.com/Site_35228345/images/Designer1mobile.jpeg","size":69409,"hash":"bPjuMkb2nn0wDrW1yk4z8nEKod0=","fileName":"Designer1mobile.jpeg","name":"Designer1mobile","width":542,"height":1024,"thumbnail":{"url":"np://user.desktop.nicepage.com/Site_35228345/images/thumbnails/Designer1mobile.jpeg","width":132,"height":250},"folderId":null,"usages":["520604163"]}]