{"products":[{"id":"1","name":"chat-with-lucie-ai","title":"Chat with Lucie AI","description":"Get instant, personalized health advice and support from Lucie, your Personal Health and Well-being Companion\n","fullDescription":"","price":"0","oldPrice":"","quantity":1,"currency":"USD","sku":"","outOfStock":false,"isFeatured":false,"categories":[],"images":[{"url":"np://user.desktop.nicepage.com/Site_35228345/images/Logowithoutname.jpeg"}],"created":1739745485793,"updated":1739761324824,"isDefault":true},{"id":"3","name":"chronic-disease-management","title":"Chronic Disease Management","description":"Manage conditions like diabetes, hypertension, and arthritis with personalized reminders for medication, diet, and exercise.","fullDescription":"","price":"0","oldPrice":"","quantity":1,"currency":"USD","sku":"","outOfStock":false,"isFeatured":false,"categories":["3"],"images":[{"url":"np://user.desktop.nicepage.com/Site_35228345/images/images-resize.jpeg"}],"created":1739745485793,"updated":1739761317738,"isDefault":true},{"id":"4","name":"sexual---reproductive-health","title":"Sexual & Reproductive Health","description":"Get judgment-free guidance on contraception, menstrual health, and erectile dysfunction","fullDescription":"","price":"0","oldPrice":"","quantity":1,"currency":"USD","sku":"","outOfStock":false,"isFeatured":false,"categories":["3"],"images":[{"url":"np://user.desktop.nicepage.com/Site_35228345/images/shutterstock_2172065821.jpg"}],"created":1739745485793,"updated":1739761312548,"isDefault":true},{"id":"2","name":"symptom-assessment","title":"Symptom Assessment","description":"Get instant guidance on whether to seek medical attention, self-care, or emergency services.","fullDescription":"","price":"0","oldPrice":"","quantity":1,"currency":"USD","sku":"","outOfStock":false,"isFeatured":false,"categories":["1"],"images":[{"url":"np://user.desktop.nicepage.com/Site_35228345/images/1000_F_250385294_tdzxdr2Yzm5Z3J41fBYbgz4PaVc2kQmT.jpg"}],"created":1739745485793,"updated":1739761305231,"isDefault":true},{"id":"5","name":"insurance-assistance","title":"Insurance Assistance","description":"Navigate insurance policies, claims, and medical billing with ease.","fullDescription":"","price":"0","oldPrice":"","quantity":1,"currency":"USD","sku":"","outOfStock":false,"isFeatured":false,"categories":[],"images":[{"url":"np://user.desktop.nicepage.com/Site_35228345/images/Insurance-Navigator-Slides-Instagram-Post-1-1024x1024.png"}],"created":1739760221070,"updated":1739761333387,"isDefault":false},{"id":"6","name":"mental-health-support","title":"Mental Health Support","description":"Access self-help tools and professional resources for stress, anxiety, and depression","fullDescription":"","price":"0","oldPrice":"","quantity":1,"currency":"USD","sku":"","outOfStock":false,"isFeatured":false,"categories":[],"images":[{"url":"np://user.desktop.nicepage.com/Site_35228345/images/istockphoto-1294477039-612x612.jpg"}],"created":1739760738091,"updated":1739761338523,"isDefault":false}],"categories":[{"id":"1","title":"Clothes","categoryId":null,"created":1739745485792,"updated":1739745485792},{"id":"2","title":"Shoes","categoryId":null,"created":1739745485792,"updated":1739745485792},{"id":"3","title":"Accessories","categoryId":null,"created":1739745485792,"updated":1739745485792}]}